-- phpMyAdmin SQL Dump
-- version 5.2.0
-- https://www.phpmyadmin.net/
--
-- Servidor: 127.0.0.1
-- Tiempo de generación: 28-10-2022 a las 19:40:20
-- Versión del servidor: 10.4.24-MariaDB
-- Versión de PHP: 7.4.29

SET SQL_MODE = "NO_AUTO_VALUE_ON_ZERO";
START TRANSACTION;
SET time_zone = "+00:00";


/*!40101 SET @OLD_CHARACTER_SET_CLIENT=@@CHARACTER_SET_CLIENT */;
/*!40101 SET @OLD_CHARACTER_SET_RESULTS=@@CHARACTER_SET_RESULTS */;
/*!40101 SET @OLD_COLLATION_CONNECTION=@@COLLATION_CONNECTION */;
/*!40101 SET NAMES utf8mb4 */;

--
-- Base de datos: `turing`
--

-- --------------------------------------------------------

--
-- Estructura de tabla para la tabla `permisos`
--

CREATE TABLE `permisos` (
  `id_permisos` int(11) NOT NULL,
  `nombre` varchar(50) COLLATE utf8_bin NOT NULL,
  `status` int(11) NOT NULL,
  `creado` date NOT NULL,
  `modificado` date NOT NULL
) ENGINE=InnoDB DEFAULT CHARSET=utf8 COLLATE=utf8_bin;

--
-- Volcado de datos para la tabla `permisos`
--

INSERT INTO `permisos` (`id_permisos`, `nombre`, `status`, `creado`, `modificado`) VALUES
(0, 'permiso general', 1, '2022-08-05', '2022-08-04'),
(1, 'usuarios', 1, '2022-06-01', '2022-06-01'),
(2, 'registrar usuario', 1, '2022-06-01', '2022-06-01'),
(3, 'editar usuario', 1, '2022-06-01', '2022-06-01'),
(4, 'eliminar usuario', 1, '2022-06-01', '2022-06-01');

-- --------------------------------------------------------

--
-- Estructura de tabla para la tabla `roles`
--

CREATE TABLE `roles` (
  `id_rol` int(11) NOT NULL,
  `nombre_rol` varchar(15) COLLATE utf8_bin NOT NULL,
  `descripcion` varchar(60) COLLATE utf8_bin DEFAULT NULL,
  `status` int(11) DEFAULT NULL
) ENGINE=InnoDB DEFAULT CHARSET=utf8 COLLATE=utf8_bin;

--
-- Volcado de datos para la tabla `roles`
--

INSERT INTO `roles` (`id_rol`, `nombre_rol`, `descripcion`, `status`) VALUES
(1, 'Administrador', 'Es el superusuario de este sistema.', 1),
(2, 'Usuario estanda', 'otras opciones', 1);

-- --------------------------------------------------------

--
-- Estructura de tabla para la tabla `roles_permisos`
--

CREATE TABLE `roles_permisos` (
  `rol_id` int(11) NOT NULL,
  `permisos_id` int(11) NOT NULL,
  `creado` date NOT NULL,
  `modificado` date NOT NULL
) ENGINE=InnoDB DEFAULT CHARSET=utf8 COLLATE=utf8_bin;

--
-- Volcado de datos para la tabla `roles_permisos`
--

INSERT INTO `roles_permisos` (`rol_id`, `permisos_id`, `creado`, `modificado`) VALUES
(4, 6, '0000-00-00', '0000-00-00'),
(4, 8, '0000-00-00', '0000-00-00'),
(4, 7, '0000-00-00', '0000-00-00'),
(4, 13, '0000-00-00', '0000-00-00'),
(4, 22, '0000-00-00', '0000-00-00'),
(4, 6, '0000-00-00', '0000-00-00'),
(4, 8, '0000-00-00', '0000-00-00'),
(4, 7, '0000-00-00', '0000-00-00'),
(4, 13, '0000-00-00', '0000-00-00'),
(4, 22, '0000-00-00', '0000-00-00'),
(5, 27, '0000-00-00', '0000-00-00'),
(5, 30, '0000-00-00', '0000-00-00'),
(3, 5, '0000-00-00', '0000-00-00'),
(3, 9, '0000-00-00', '0000-00-00'),
(3, 13, '0000-00-00', '0000-00-00'),
(3, 18, '0000-00-00', '0000-00-00'),
(3, 22, '0000-00-00', '0000-00-00'),
(3, 30, '0000-00-00', '0000-00-00'),
(2, 1, '0000-00-00', '0000-00-00'),
(2, 5, '0000-00-00', '0000-00-00'),
(2, 8, '0000-00-00', '0000-00-00'),
(2, 7, '0000-00-00', '0000-00-00'),
(2, 9, '0000-00-00', '0000-00-00'),
(2, 11, '0000-00-00', '0000-00-00'),
(2, 12, '0000-00-00', '0000-00-00'),
(2, 13, '0000-00-00', '0000-00-00'),
(2, 15, '0000-00-00', '0000-00-00'),
(2, 16, '0000-00-00', '0000-00-00'),
(2, 18, '0000-00-00', '0000-00-00'),
(2, 21, '0000-00-00', '0000-00-00'),
(2, 20, '0000-00-00', '0000-00-00'),
(2, 22, '0000-00-00', '0000-00-00'),
(2, 24, '0000-00-00', '0000-00-00'),
(2, 25, '0000-00-00', '0000-00-00'),
(2, 26, '0000-00-00', '0000-00-00'),
(2, 28, '0000-00-00', '0000-00-00'),
(2, 29, '0000-00-00', '0000-00-00'),
(2, 30, '0000-00-00', '0000-00-00'),
(1, 1, '0000-00-00', '0000-00-00'),
(1, 2, '0000-00-00', '0000-00-00'),
(1, 3, '0000-00-00', '0000-00-00'),
(1, 4, '0000-00-00', '0000-00-00'),
(1, 5, '0000-00-00', '0000-00-00'),
(1, 6, '0000-00-00', '0000-00-00'),
(1, 8, '0000-00-00', '0000-00-00'),
(1, 7, '0000-00-00', '0000-00-00'),
(1, 9, '0000-00-00', '0000-00-00'),
(1, 10, '0000-00-00', '0000-00-00'),
(1, 11, '0000-00-00', '0000-00-00'),
(1, 12, '0000-00-00', '0000-00-00'),
(1, 13, '0000-00-00', '0000-00-00'),
(1, 14, '0000-00-00', '0000-00-00'),
(1, 15, '0000-00-00', '0000-00-00'),
(1, 16, '0000-00-00', '0000-00-00'),
(1, 18, '0000-00-00', '0000-00-00'),
(1, 19, '0000-00-00', '0000-00-00'),
(1, 21, '0000-00-00', '0000-00-00'),
(1, 20, '0000-00-00', '0000-00-00'),
(1, 22, '0000-00-00', '0000-00-00'),
(1, 23, '0000-00-00', '0000-00-00'),
(1, 24, '0000-00-00', '0000-00-00'),
(1, 25, '0000-00-00', '0000-00-00'),
(1, 26, '0000-00-00', '0000-00-00'),
(1, 27, '0000-00-00', '0000-00-00'),
(1, 28, '0000-00-00', '0000-00-00'),
(1, 29, '0000-00-00', '0000-00-00'),
(1, 30, '0000-00-00', '0000-00-00');

-- --------------------------------------------------------

--
-- Estructura de tabla para la tabla `usuarios`
--

CREATE TABLE `usuarios` (
  `id_usuario` int(11) NOT NULL,
  `cedula` varchar(100) COLLATE utf8_bin NOT NULL,
  `usuario` varchar(50) COLLATE utf8_bin NOT NULL,
  `nombre` varchar(20) COLLATE utf8_bin NOT NULL,
  `apellido` varchar(20) COLLATE utf8_bin NOT NULL,
  `contrasena` varchar(200) COLLATE utf8_bin DEFAULT NULL,
  `rol` int(11) NOT NULL,
  `status` int(11) DEFAULT NULL,
  `correo` varchar(30) COLLATE utf8_bin NOT NULL,
  `clave_especial` varchar(100) COLLATE utf8_bin NOT NULL
) ENGINE=InnoDB DEFAULT CHARSET=utf8 COLLATE=utf8_bin;

--
-- Volcado de datos para la tabla `usuarios`
--

INSERT INTO `usuarios` (`id_usuario`, `cedula`, `usuario`, `nombre`, `apellido`, `contrasena`, `rol`, `status`, `correo`, `clave_especial`) VALUES
(1, '26561633', 'ogap', 'Oriana ', 'Armas', '$2y$08$ibRKk1vLFGEDI7iSyPIBSeBU3iPjr2UB4mSt1YBRc.O6hTBqo3JwK', 1, 1, 'armasoriana98@gmail.com', '$%$$%%$%%%%$%%$%%$$/%%$$$$%$%%%$$%$$%%$$'),
(2, '1234567', 'turingIA', 'Inteligencia', 'Artificial', '$2y$08$XuVQTFjA92pXFF33o1h7POu3yBmLGJL7SYHbcTadfW25D6Ka/sjmK', 1, 1, 'TURING@GMAIL.COM', '%%$$%%%$%$$$%%$%$$%/%%%$$%%$%%$$$$%$%%$%'),
(3, '9601788', 'karinasss', 'karinad', 'karinadd', '$2y$08$WR1/NPpUcLcyRdsNLbBPruQ5godomEHW0T71Qs7a9n3uCaZRlDp26', 1, 1, 'karinA12.@gmail.com', '%%%$$%%$%%$$%$$$%%$$%%$/%%%$$%%$%%$$%$$$%%$$%%$$'),
(4, '96017884', 'karinasss', 'karina', 'karina', '$2y$08$utdm1AByz.pKotDzUvgv4OegeA5DqH1O9g8zLKJXl7/OZIQ.oXwQG', 1, 1, 'karinA12.DD@gmail.com', '%%%$$%%$%%$$%$$$%%$$%%$/%%%$$%%$%%$$%$$$%%$$%%$$');

--
-- Índices para tablas volcadas
--

--
-- Indices de la tabla `permisos`
--
ALTER TABLE `permisos`
  ADD PRIMARY KEY (`id_permisos`);

--
-- Indices de la tabla `roles`
--
ALTER TABLE `roles`
  ADD PRIMARY KEY (`id_rol`);

--
-- Indices de la tabla `usuarios`
--
ALTER TABLE `usuarios`
  ADD PRIMARY KEY (`id_usuario`),
  ADD UNIQUE KEY `cedula` (`cedula`),
  ADD UNIQUE KEY `correo` (`correo`),
  ADD UNIQUE KEY `id_usuario` (`id_usuario`),
  ADD KEY `fk_rol_id` (`rol`);
COMMIT;

/*!40101 SET CHARACTER_SET_CLIENT=@OLD_CHARACTER_SET_CLIENT */;
/*!40101 SET CHARACTER_SET_RESULTS=@OLD_CHARACTER_SET_RESULTS */;
/*!40101 SET COLLATION_CONNECTION=@OLD_COLLATION_CONNECTION */;
